ID_User,NameUser,LastnameUser,DNIUser,PuntajeCrediticioUser,DineroEnCuentaUser,posX,posY
21,Gonzalo,Aliaga,67118737,547,5639,-12.09416787,-76.99949055
22,Giovanni,Marquez,37802376,526,10436,-12.1199864,-77.00390429
23,Katarina,Nunez,22913890,516,6162,-12.11307221,-77.04866173
24,Adel,Fuentes,22222698,832,9470,-12.15656563,-76.88101844
25,Sofia,Sanchez,75557142,742,1329,-12.1547078,-77.06218623
26,Andrea,Wong,46677936,839,2436,-12.08378899,-76.9995941
27,Rosa,Martinez,35702337,693,1103,-12.19789735,-76.94776174
28,Alberto,Lopez,40130756,640,2578,-12.08589146,-76.96271012
29,Diego,Santos,11844343,548,6075,-12.0778265,-76.91763609
30,Anastasia,Flores,72401010,500,9318,-12.09364432,-77.06916983
31,Helena,Gimenez,12580976,751,2509,-12.19319709,-77.01875868
32,Ramon,Calvo,86683876,800,1783,-12.1378951,-77.09804693
33,Carmen,Gallardo,39463924,760,5787,-12.0706071,-76.90414273
34,Marisol,Morales,80793657,841,8713,-12.081428,-76.86959863
35,Anastasia,Kim,96501452,721,11774,-12.14396957,-77.02512606
36,Abdullah,Marquez,59288522,614,11579,-12.05570703,-77.04348335
37,Diego,Rojas,63463015,787,10746,-12.06928312,-76.86171775
38,Clara,Li,51685912,760,5220,-12.19156447,-77.05272073
39,Sonia,Herrero,94998656,642,1665,-12.0575665,-76.99571826
40,Katarina,Lee,88121381,630,2189,-12.1453972,-77.00933126
41,Irene,Ahmed,34148340,543,956,-12.12126974,-77.01880049
42,Ana,Alvarez,39323802,840,12600,-12.08493325,-76.85509313
43,Yusuf,Santiago,92288622,838,11023,-12.19197432,-76.95523926
44,Katarina,Soler,86805169,545,5540,-12.11113126,-76.96835372
45,Cristina,Sanchez,33776938,890,5854,-12.12969498,-77.06647675
46,Giovanni,Ibanez,50559947,538,7500,-12.15527518,-76.87533337
47,Marisol,Wong,86663001,780,5560,-12.1065955,-77.09221139
48,Daniela,Perez,80396542,655,1504,-12.10282682,-76.90185872
49,Youssef,Mora,25511250,747,6610,-12.16043106,-76.9201976
50,Oscar,Yamamoto,39319620,550,4260,-12.15809869,-77.03896332
51,Diego,Ramirez,24597886,887,4480,-12.07552976,-76.8644441
52,Jorge,Iglesias,76579238,751,10042,-12.07630968,-76.98329291
53,Valeria,Alvarez,58029218,700,6415,-12.11162555,-76.91899805
54,Darius,Torres,19004165,634,7573,-12.05208603,-77.00075287
55,Andrea,Ferrer,82147687,766,11747,-12.06335535,-77.0420027
56,Piotr,Salgado,80898822,578,9731,-12.1659701,-76.94933537
57,Gustavo,Chen,64429568,757,11595,-12.09573267,-76.96221589
58,Ana,Iglesias,25659964,563,7773,-12.05299951,-76.98456371
59,Hiroshi,Liu,53301517,803,11113,-12.1634103,-76.93767711
60,Enrique,Vazquez,74166615,874,5751,-12.11991904,-76.90849135
61,Nuria,Singh,18093324,519,11887,-12.18404455,-77.08371036
62,Daniel,Chung,83435696,515,11232,-12.05008782,-77.06069309
63,Jovan,Aguirre,70221183,632,3511,-12.09857362,-77.0749506
64,Cristina,Nunez,63724470,863,4615,-12.19764441,-77.08718601
65,Jose,Wong,20832902,631,8145,-12.11372243,-76.96358096
66,Hugo,Vargas,36725678,557,5437,-12.18499216,-76.86071754
67,Mario,Esteban,74492844,500,8472,-12.1845466,-77.04346856
68,Pedro,Pastor,39195009,723,2782,-12.08016734,-77.01335821
69,Khaled,Bravo,71753038,778,1915,-12.15732796,-76.87738614
70,Marcos,Sanchez,42574844,884,4390,-12.19315262,-76.97983665
71,Sonia,Santos,47504939,586,2079,-12.15563407,-77.04200723
72,Hugo,Cortes,41616893,676,2714,-12.1426984,-76.8875542
73,Katarina,Esteban,83878247,622,6697,-12.15485443,-77.08286213
74,Irene,Ibanez,84054540,568,4803,-12.05771434,-77.0667168
75,Eva,Kumar,40029643,864,1853,-12.05302559,-76.85894247
76,Sara,Kim,77479469,881,6494,-12.13979385,-76.89152143
77,Luca,Sharma,49942549,701,10900,-12.15825801,-76.89414161
78,Monica,Fuentes,98974412,599,5293,-12.17593377,-76.85083491
79,Emilio,Molina,30384497,682,5284,-12.17557676,-77.04021849
80,Mateo,Ibanez,58152133,730,12965,-12.10301193,-76.93430225
81,Fernando,Hidalgo,75069760,562,12934,-12.13848902,-76.9434725
82,David,Lopez,33728244,880,1100,-12.13808498,-76.85732222
83,Jose,Marin,10181973,822,9598,-12.09309043,-76.99481662
84,Giovanni,Kumar,59483705,651,2522,-12.15106907,-77.08582768
85,Victoria,Mendez,66111945,559,4768,-12.10502317,-76.88043671
86,Nuria,Rojas,20250303,796,8671,-12.16886583,-77.059308
87,Ana,Santiago,36273645,838,7815,-12.17209797,-77.03772404
88,Anna,Molina,50670736,539,11368,-12.11249615,-76.9480112
89,Natalia,Patel,20190041,525,992,-12.1878928,-77.00866889
90,Camila,Aguirre,50522487,862,4893,-12.13130428,-76.96776331
91,Ruben,Leon,61022841,804,10987,-12.06414053,-76.87040254
92,Fernando,Crespo,26094127,599,6134,-12.16079476,-76.9633424
93,Piotr,Serrano,63602699,871,7078,-12.08221817,-76.86007517
94,Marisol,Romero,31963129,567,1226,-12.14316462,-76.90884477
95,Julia,Li,92170050,665,6610,-12.15655024,-76.99875726
96,Cristina,Suarez,62796318,886,3661,-12.06209344,-76.91098086
97,Lorena,Morales,39879660,772,12285,-12.10523864,-76.9565519
98,Miguel,Serrano,42386082,787,4009,-12.10585369,-76.9887383
99,Luis,Kumar,48989749,783,2208,-12.13573155,-77.08860548
100,Mario,Calvo,70791303,695,11864,-12.18530393,-77.09034977
101,Muhammad,Sato,27441229,706,1600,-12.11584398,-77.00920444
102,Camila,Ruiz,63773312,700,10972,-12.0958272,-76.99600286
103,Gustavo,Vazquez,25449060,591,2832,-12.06294236,-77.00864532
104,Marcos,Yamamoto,78391169,822,8260,-12.07477742,-76.94222978
105,Carmen,Ortiz,53788571,574,2915,-12.19660562,-77.05506586
106,Sonia,Calvo,75514198,643,4177,-12.11849591,-76.9914142
107,Hugo,Ahmed,16374560,773,6314,-12.0625754,-77.06092449
108,Nuria,Singh,44901576,726,7272,-12.13546083,-76.85735271
109,Luca,Ali,43189949,717,3876,-12.09830784,-77.03131573
110,Marisol,Kumar,86264912,567,6368,-12.12463191,-77.08530862
111,Veronica,Patel,32270990,740,4661,-12.12293938,-76.8988091
112,Nikola,Iglesias,80856401,600,9550,-12.130553,-76.92249528
113,Laura,Kim,88861685,604,6316,-12.1469791,-77.03699886
114,Veronica,Gallardo,99389103,586,11697,-12.13927488,-76.90242673
115,Luca,Wong,63788911,784,11076,-12.15954026,-76.88245233
116,Mateo,Esteban,85016159,655,3982,-12.19166098,-76.8540729
117,Svetlana,Li,29311270,711,3308,-12.16342323,-77.03224402
118,Darius,Ibanez,76521644,558,6612,-12.05313831,-76.98425717
119,Rosa,Morales,74961610,641,11375,-12.19086256,-76.87176325
120,Nuria,Bravo,13768463,568,12490,-12.14145628,-76.86923341
121,Jovan,Ramirez,67874510,877,6069,-12.14525069,-76.97498273
122,Marisol,Mora,21059360,769,2356,-12.12651579,-76.87888039
123,Helena,Roman,15040670,591,3475,-12.17665054,-76.95687552
124,Anna,Fernandez,72676637,550,6375,-12.12883112,-76.99445078
125,Felix,Li,68320534,763,6942,-12.16140985,-76.895168
126,Enrique,Dominguez,61765057,593,6029,-12.10568722,-76.91831238
127,Ruben,Pascual,11251322,736,6111,-12.11868947,-76.87611618
128,Ruben,Lopez,58925355,748,1313,-12.17655467,-77.06161896
129,Rosa,Wu,49957758,752,8745,-12.05921822,-76.90649306
130,Sebastian,Vicente,19028594,741,10542,-12.10182509,-76.93334842
131,Rosa,Gimenez,25960505,900,2082,-12.1240869,-76.87147435
132,Angel,Vega,79479174,843,8828,-12.14142928,-76.89164553
133,Katarina,Flores,48576892,584,2912,-12.1838937,-76.90561014
134,Dimitri,Leon,21434309,832,5243,-12.08240071,-76.90590686
135,Valeria,Ruiz,32901941,881,10763,-12.13105388,-76.98157003
136,Irene,Jimenez,17198177,616,11528,-12.08694679,-76.9155455
137,Mohamed,Park,47427253,626,9049,-12.11058582,-76.95884918
138,Jorge,Li,62123635,744,5096,-12.07509047,-77.05887282
139,Abdullah,Kim,59029627,887,11770,-12.19718625,-77.02212282
140,David,Romero,17989375,588,4527,-12.16844471,-76.98303506
141,Maria,Lee,43044847,626,1571,-12.188907,-76.87643664
142,Marcos,Reyes,55416178,534,7787,-12.1841821,-76.88344199
143,Marcelo,Medina,23550205,506,7887,-12.15024584,-77.0039207
144,Veronica,Kim,60012080,658,9121,-12.18076252,-76.85862533
145,Youssef,Vargas,80043912,602,4243,-12.19996382,-76.97421419
146,Ruben,Torres,63699785,516,2636,-12.11948089,-76.85396433
147,Chen,Lee,67210560,839,5337,-12.10144176,-76.98828872
148,Luca,Marquez,34083448,861,9851,-12.1183979,-76.90521607
149,Mateo,Singh,37780982,532,7437,-12.07588823,-77.02285748
150,Sergio,Chung,86562956,868,1569,-12.18771597,-77.08028788
151,Raquel,Duran,35689605,568,11928,-12.17121163,-76.88005783
152,Ruben,Soler,21507486,634,9204,-12.098163,-76.9551895
153,Fernando,Ortiz,63794478,883,4712,-12.13186882,-76.88459491
154,Felix,Choi,41827566,705,4624,-12.14644653,-76.89760244
155,Marina,Garcia,96415575,769,7218,-12.17750284,-76.90803357
156,Alessandro,Wong,26013765,820,10864,-12.09434063,-76.86900399
157,Luca,Leon,71176323,632,10286,-12.0606821,-77.08742636
158,Julia,Soler,82829546,750,11048,-12.12046812,-76.8937834
159,Luca,Cruz,87339720,689,6790,-12.18655379,-77.04296484
160,Anna,Diaz,31918977,735,10900,-12.08634061,-77.03128783
161,Miguel,Campos,91131167,660,9687,-12.13972369,-77.08684193
162,Isabel,Cruz,53348045,776,1538,-12.13071885,-76.8742354
163,Veronica,Marin,68681745,852,1769,-12.12617516,-76.85301264
164,Teresa,Lopez,45946650,550,5777,-12.16885591,-77.03443298
165,Andrea,Santiago,62034267,827,10044,-12.15053961,-76.96504073
166,Hiroshi,Hidalgo,52644101,882,2929,-12.18568564,-77.01423616
167,Diego,Sharma,61026164,887,9560,-12.11153112,-77.04671886
168,Manuel,Gomez,89983297,639,12428,-12.17451898,-77.04968885
169,Pedro,Vicente,98078596,718,7796,-12.06085752,-77.06764959
170,David,Marquez,31354267,851,9067,-12.18531052,-76.94878018
171,Victoria,Campos,63703806,760,5794,-12.13342063,-76.95347496
172,Felix,Vargas,96290266,898,5657,-12.15905797,-76.88575599
173,Francisco,Torres,57582069,850,5974,-12.06911797,-77.07794183
174,Adriana,Serrano,16204883,758,4508,-12.08739684,-77.04992253
175,Jovan,Nunez,42046120,707,5747,-12.15905865,-76.94149079
176,Gabriela,Esteban,95759410,804,3695,-12.098953,-76.98487989
177,Nikola,Gimenez,72654133,556,5901,-12.16150566,-77.02855598
178,Rafael,Pastor,19880996,601,8391,-12.18651552,-76.89162255
179,Ana,Vega,90200480,816,2946,-12.19535741,-77.0232633
180,Natalia,Gallardo,60613650,604,7117,-12.15159235,-76.85644469
181,Fernando,Choi,51744183,662,7209,-12.08148067,-77.00071459
182,Anastasia,Rojas,63927090,828,4307,-12.1554113,-76.90208763
183,Svetlana,Flores,22194549,652,6658,-12.16470766,-76.89854529
184,Emilio,Cortes,49081722,727,3016,-12.12792879,-76.94806699
185,Gabriela,Singh,47083618,663,9245,-12.16180972,-77.01094293
186,Pablo,Sanchez,68183344,634,795,-12.14890901,-76.95361698
187,Anna,Kumar,58362981,525,7658,-12.19325992,-76.93481418
188,Pablo,Kumar,25183861,804,12814,-12.12763579,-76.95418952
189,Carmen,Vicente,60639662,631,7931,-12.16909742,-77.08528774
190,Monica,Herrero,89102700,570,2882,-12.07031983,-76.88994533
191,Gonzalo,Ferrer,22059753,524,10470,-12.11170571,-77.08524074
192,Monica,Medina,98412155,760,11321,-12.08676375,-77.06217495
193,Katarina,Leon,36147669,818,1150,-12.06081754,-77.02103602
194,Paula,Suarez,20581156,543,3936,-12.15034747,-76.99108673
195,Dimitri,Gonzalez,32367761,688,3162,-12.11855883,-76.99415787
196,Celia,Iglesias,50520098,856,1539,-12.1878963,-76.88589964
197,Fernando,Leon,40641280,535,9342,-12.10484421,-77.08593374
198,Celia,Diaz,92861445,519,8058,-12.1384945,-76.87567825
199,Veronica,Garcia,87493790,662,2903,-12.05593658,-77.04002931
200,Ricardo,Santos,62385869,740,4694,-12.1828065,-77.08684734
201,Francisco,Rojas,41829860,846,1134,-12.06148323,-76.9049046
202,Elena,Crespo,36043487,886,12018,-12.10696856,-77.09082378
203,Clara,Choi,45714756,629,6627,-12.14784104,-77.06591841
204,Marisol,Wong,74154255,535,7101,-12.17761314,-76.93270299
205,Hugo,Herrero,28509347,706,10063,-12.12800326,-77.03426879
206,Sara,Salgado,93848355,743,6271,-12.16708863,-76.88943774
207,Yusuf,Li,67972598,552,1843,-12.0509403,-77.04745688
208,Veronica,Sharma,39958581,622,12321,-12.18043693,-77.04344646
209,Adel,Hernandez,66959158,618,5657,-12.19566713,-76.97346174
210,Mohamed,Aguilar,25380174,744,2690,-12.14819126,-76.94508887
211,Patricia,Fuentes,84539814,759,12987,-12.11784972,-76.94831356
212,Manuel,Torres,90789122,534,2086,-12.06155682,-77.07494626
213,Carlos,Fuentes,52151286,676,11713,-12.11926305,-76.86425286
214,Yusuf,Gonzalez,88756566,505,8056,-12.1390368,-77.00434393
215,Raul,Mendez,82297057,889,8980,-12.07291317,-77.01316311
216,Pedro,Molina,60121346,786,12040,-12.07606617,-77.09005336
217,Pedro,Ali,49883877,835,8452,-12.09913586,-76.87746429
218,Juan,Mora,27107149,581,7054,-12.09171574,-76.9766115
219,Fernando,Salgado,87163093,730,11430,-12.05048429,-76.99815484
220,Carmen,Flores,66066895,599,12000,-12.14902909,-76.86719487
221,Chang,Luna,65725476,891,4672,-12.1257183,-77.03718965
222,Darius,Sharma,79918697,720,9720,-12.13805483,-76.96148569
223,Celia,Patel,33983074,789,11120,-12.09570773,-77.08888139
224,Hiroshi,Sato,17318319,832,1024,-12.1731366,-76.89646784
225,Chen,Flores,71131565,870,8491,-12.13656226,-76.98251282
226,Maria,Wu,26322436,703,11892,-12.11852345,-76.96358991
227,Eva,Leon,57001491,615,2275,-12.07780041,-77.00584753
228,Gabriela,Choi,44302394,721,11315,-12.11886296,-77.06323299
229,Lorena,Diaz,20098259,626,6035,-12.13587,-76.91672664
230,Raul,Fuentes,51415591,649,8130,-12.12363978,-77.04492063
231,Fernando,Morales,77680644,596,7965,-12.16583276,-77.04743888
232,Francisco,Molina,94478581,796,1437,-12.10712186,-77.01920847
233,Miguel,Esteban,59509982,709,9424,-12.12652543,-76.99405169
234,Anastasia,Mendez,83359456,686,4311,-12.09787709,-76.9146911
235,Giovanni,Pascual,59902106,547,11997,-12.06700999,-77.07039066
236,Elena,Gallardo,23978244,780,10188,-12.1444227,-76.99106357
237,Dimitri,Fuentes,19953205,821,12542,-12.15462537,-76.89385503
238,Daniela,Pascual,73074800,604,2955,-12.15606998,-76.95667512
239,Alberto,Vega,17653879,685,7093,-12.17745331,-76.90775647
240,Ana,Patel,89050232,628,8349,-12.12052683,-77.02651254
241,Carmen,Herrero,72743745,696,4264,-12.16651073,-77.08236896
242,Natalia,Wu,38880282,611,1826,-12.11232061,-76.94405079
243,Jovan,Pascual,83374110,518,5341,-12.1454812,-76.974377
244,Svetlana,Mora,44366829,717,8434,-12.0686038,-76.92790828
245,Cristina,Kumar,62324610,859,2913,-12.12829787,-77.01190977
246,Monica,Santiago,85035524,563,9569,-12.17140499,-76.94174427
247,Alberto,Sato,24568605,819,8855,-12.09739065,-77.05984881
248,Monica,Herrero,30090539,849,9742,-12.08788763,-76.87333611
249,Veronica,Pascual,75397133,635,12399,-12.10790976,-77.00759648
250,Andrea,Patel,69797884,609,4557,-12.08267919,-76.8962735
251,Emilio,Li,86848857,781,10384,-12.17573844,-77.05899306
252,Gustavo,Calvo,16767174,510,11412,-12.07883303,-76.97520754
253,Abdullah,Alvarez,43903865,719,3604,-12.16960725,-77.09156959
254,Roberto,Vicente,98426215,675,9554,-12.05648564,-76.91309196
255,Luka,Wu,38547464,784,9098,-12.19012235,-76.88982429
256,Jorge,Soler,82589484,707,3492,-12.19077166,-77.02635399
257,Anastasia,Cortes,24561622,510,6003,-12.08102036,-76.99470984
258,Alberto,Reyes,11209226,537,12570,-12.1430593,-76.97143245
259,Camila,Cruz,48890104,784,9990,-12.1304624,-77.09901913
260,Daniela,Esteban,10994230,652,3301,-12.1820684,-76.93362055
261,Youssef,Vazquez,65812265,535,10257,-12.18267948,-76.85585695
262,Ahmed,Vega,55781813,510,11427,-12.17393399,-77.0766508
263,Valeria,Kumar,80754552,680,8812,-12.19278217,-76.90488507
264,Natalia,Molina,35188249,515,4160,-12.09277755,-77.08895973
265,Oscar,Cruz,59533450,699,9492,-12.12004665,-76.85852837
266,Emilio,Reyes,37247087,726,8396,-12.11584861,-76.85006965
267,Ruben,Diaz,11124869,596,9354,-12.16748997,-76.92782923
268,Felix,Duran,88857321,854,10744,-12.12979915,-76.92802522
269,Teresa,Rodriguez,12076209,637,9460,-12.08804679,-77.05513804
270,Marcelo,Marquez,78369783,868,11638,-12.08715337,-77.05632216
271,Lorena,Sharma,59101642,632,2728,-12.14016016,-76.85832705
272,Ana,Gimenez,79382775,826,10762,-12.06453518,-76.92626563
273,Alberto,Wong,97109419,578,5453,-12.08809896,-76.87871515
274,Maria,Vicente,15972149,704,4316,-12.18671607,-77.06819583
275,Patricia,Dominguez,73141143,575,8040,-12.10481433,-77.06239112
276,Luka,Bravo,95190121,650,10527,-12.09304581,-77.03251824
277,Laura,Fernandez,55927084,820,11281,-12.19764764,-77.09212284
278,Darius,Fernandez,93654208,807,10207,-12.13532835,-77.01897616
279,Elena,Ortiz,84655289,644,6721,-12.13970261,-76.87453987
280,Nuria,Ortiz,84427958,609,11793,-12.15870568,-77.04010276
281,Marisol,Rojas,11478290,616,10219,-12.05219391,-76.92477702
282,Paula,Martinez,47238103,510,6915,-12.07961189,-76.89229048
283,Angel,Soler,36729492,775,2917,-12.09558488,-77.07826634
284,Muhammad,Ruiz,91910601,619,6002,-12.13736012,-76.89541504
285,Maria,Lee,12516019,873,5182,-12.08982677,-76.89686506
286,Ines,Aguirre,46137811,513,3194,-12.15842474,-77.04945166
287,Patricia,Leon,27434518,852,12496,-12.14651206,-77.07400694
288,Darius,Ruiz,87774683,740,12764,-12.13498143,-76.9440209
289,Veronica,Cruz,61340164,897,1976,-12.05825435,-77.08106457
290,Hiroshi,Cruz,51135275,775,3461,-12.18176751,-76.94430185
291,Rosa,Lopez,80435821,768,11092,-12.1031073,-76.98461016
292,Raquel,Pascual,93190328,550,3088,-12.1478251,-76.8642498
293,Pedro,Cortes,60262733,606,3707,-12.18433516,-77.05176215
294,Gabriela,Lopez,26911338,588,10151,-12.17218962,-77.02555627
295,Ahmed,Yamamoto,72508259,712,1921,-12.18834729,-76.94830539
296,Clara,Ruiz,24275849,611,12641,-12.13508607,-77.03828863
297,Luka,Nunez,17552614,627,3993,-12.05610937,-77.02177214
298,Mario,Dominguez,99599123,752,4592,-12.11869561,-77.07664693
299,Luca,Wong,42504554,520,3895,-12.12584349,-77.0991716
300,Eva,Martinez,73793476,503,10723,-12.054055,-76.86077545
301,Enrique,Jimenez,24220251,555,10323,-12.16733002,-76.91655534
302,Teresa,Campos,11364286,841,7696,-12.14315131,-76.99306638
303,Elena,Cortes,80671740,786,6901,-12.14062336,-76.98510613
304,Carlos,Calvo,18125247,609,7337,-12.15777448,-76.98489324
305,Alejandra,Vazquez,76182833,677,12913,-12.12449432,-76.8859378
306,Tomas,Duran,26633746,788,6037,-12.17919015,-76.99721146
307,Francisco,Marquez,55048718,816,5526,-12.12241162,-76.92329343
308,Sara,Sato,13103337,528,2488,-12.05519533,-77.00596366
309,Mohamed,Esteban,77483869,769,8947,-12.11637485,-77.00332957
310,Adriana,Romero,35552726,574,5408,-12.06361938,-77.04072708
311,Rafael,Calvo,50524554,525,6474,-12.10141154,-77.04317381
312,Francisco,Hernandez,89591582,669,9708,-12.1338328,-77.08254079
313,Silvia,Carrasco,14553790,733,1464,-12.09605082,-76.9024434
314,Sebastian,Dominguez,22459888,505,4062,-12.19032633,-76.89434994
315,Emilio,Yamamoto,48790165,720,3230,-12.08658611,-77.01691218
316,Chang,Duran,48471532,658,7877,-12.09492285,-76.99500487
317,Nikola,Vega,32595117,676,6473,-12.12543935,-76.85151356
318,Mohamed,Cortes,75744248,872,2173,-12.17668465,-76.92525226
319,Ruben,Wong,71340395,606,10634,-12.16643937,-76.97736683
320,Veronica,Serrano,36757120,596,2288,-12.1510784,-76.89165608
321,Elena,Sharma,98878519,518,7493,-12.08232671,-77.01501452
322,Tomas,Santos,62846551,737,1250,-12.19246058,-77.0618856
323,Marcos,Duran,47817178,796,2549,-12.12229761,-76.87355812
324,Diego,Iglesias,88533629,558,10117,-12.08644557,-76.97230825
325,Alejandra,Ortiz,67465009,818,10949,-12.07989952,-76.90287977
326,Giovanni,Singh,80800392,555,10003,-12.15121918,-76.94632453
327,Mohamed,Roman,97659064,659,4905,-12.05409065,-77.01363733
328,Rafael,Rojas,71635942,859,4041,-12.07935992,-76.85938267
329,Marisol,Ruiz,81870486,640,1894,-12.09877609,-77.0072205
330,Fernando,Ahmed,51437393,520,4238,-12.0642306,-77.02411044
331,Pablo,Lopez,17477075,791,9679,-12.06863305,-77.04535528
332,Natalia,Vazquez,23833695,830,1725,-12.13750274,-76.90650175
333,Lucia,Li,41862384,500,8860,-12.18153758,-76.87654441
334,Maria,Diaz,63595201,689,11830,-12.05687631,-77.07159526
335,Pablo,Ali,17703556,520,1752,-12.08040541,-76.87403121
336,Daniel,Dominguez,61804321,596,1756,-12.09555725,-76.94458286
337,Hiroshi,Yamamoto,21701404,794,10597,-12.13975931,-76.87747442
338,Anna,Duran,52257091,810,5452,-12.19755535,-76.9107852
339,Raquel,Ali,39621043,893,8811,-12.17483558,-77.01802143
340,Mila,Medina,50751088,604,761,-12.17536488,-76.96543202
341,Veronica,Fuentes,59940859,803,3661,-12.123542,-76.89396744
342,Alberto,Vicente,63080139,747,5517,-12.13909059,-77.06168455
343,Daniela,Ibanez,71261838,547,2016,-12.18407994,-76.90168812
344,Pablo,Campos,64415414,661,9695,-12.15858151,-76.9928377
345,Ricardo,Flores,70785636,870,4680,-12.10354298,-76.96403312
346,Veronica,Torres,53596043,888,11689,-12.072635,-77.08213938
347,Victoria,Campos,90964928,511,8683,-12.12530462,-77.08586808
348,Celia,Serrano,68384424,513,9844,-12.17183373,-76.89116452
349,Natalia,Vega,12031991,581,5072,-12.0655075,-76.85395258
350,Irene,Hernandez,79987036,658,11579,-12.14407786,-77.09518129
351,Mila,Alvarez,57802245,617,759,-12.15146678,-76.93584146
352,Jose,Molina,49014423,605,10315,-12.08437508,-76.86144701
353,Emilio,Pastor,54501424,527,5991,-12.16729995,-77.06999718
354,Marisol,Suarez,39206812,870,4722,-12.13295102,-77.00387121
355,Francisco,Gimenez,98619890,613,2261,-12.16459583,-76.97680052
356,Adel,Ruiz,32954459,797,8197,-12.06824231,-76.87498341
357,Chen,Castillo,18837845,546,1017,-12.10843508,-77.05764728
358,Carlos,Aguilar,62189816,531,2974,-12.14383517,-76.89364309
359,Mateo,Romero,42459322,657,11910,-12.14157472,-76.93681838
360,Luca,Arias,44336236,778,11009,-12.07091161,-77.04442934
361,Oscar,Suarez,29694503,665,12670,-12.11210931,-77.08831095
362,Victoria,Suarez,83371205,797,11816,-12.06026608,-76.87214769
363,Sonia,Sharma,70265455,624,11707,-12.12242114,-76.97731777
364,Emilio,Mora,16541085,838,1473,-12.15045488,-76.93239162
365,Carmen,Salgado,42357015,600,5508,-12.06973195,-77.08354276
366,Lucia,Li,11790820,528,3671,-12.16114085,-77.09659631
367,Marisol,Ferrer,30854802,508,1812,-12.1610688,-76.86103978
368,Eva,Romero,56826036,511,11628,-12.17319597,-77.04752198
369,Raquel,Gomez,28353332,752,4219,-12.14795643,-76.8767625
370,Ruben,Morales,29177215,539,8236,-12.19962415,-76.98860455
371,Adel,Dominguez,58747199,772,11247,-12.08864869,-77.0575126
372,Francisco,Gimenez,98809899,534,11554,-12.07386694,-77.02811084
373,Oscar,Salgado,31228763,891,5293,-12.15821159,-76.91247397
374,Adriana,Chung,91910513,886,12136,-12.09455448,-76.88653607
375,Anna,Garcia,47421556,804,1947,-12.13927031,-77.0360203
376,Matias,Tan,22085994,819,1120,-12.0782643,-77.01318101
377,Patricia,Ahmed,22765993,883,7242,-12.0887329,-76.88298368
378,Alessandro,Ruiz,71403208,573,4044,-12.13435041,-76.8853463
379,Rafael,Cruz,83761790,535,5923,-12.18830291,-76.99607154
380,Ricardo,Ali,48710763,869,1785,-12.13840525,-76.95108149
381,Hugo,Vicente,76433761,719,5293,-12.14909372,-77.05261963
382,Dimitri,Torres,96309918,700,3039,-12.09341686,-76.86392624
383,Mateo,Medina,70768051,780,8249,-12.15315678,-77.03536834
384,Mario,Calvo,88308863,604,3723,-12.08018397,-77.09558121
385,Khaled,Sharma,80804239,783,7861,-12.17723657,-77.01945006
386,Daniel,Alvarez,55132311,717,12824,-12.11105132,-76.94994617
387,Camila,Romero,64333221,819,7083,-12.05656447,-77.00527485
388,Victoria,Ibanez,26921613,828,7614,-12.16352782,-76.93946276
389,Sara,Roman,65159811,656,2691,-12.05900433,-76.91450219
390,Patricia,Ahmed,10109460,777,12499,-12.18285008,-76.92219943
391,Roberto,Crespo,61485710,687,7711,-12.05236202,-77.05378606
392,Sebastian,Gomez,59674964,826,9881,-12.10505363,-77.08561615
393,Veronica,Ortiz,28522641,693,8789,-12.11017154,-77.03848099
394,Nuria,Wu,59377967,864,4588,-12.06461455,-77.05044616
395,Maria,Serrano,38332098,613,9309,-12.11377026,-76.85599657
396,Marcos,Castillo,42725994,647,2504,-12.16322391,-77.05563257
397,Jovan,Marin,24333550,741,10204,-12.07097563,-76.93598788
398,Daniel,Sato,11146405,781,5493,-12.18875745,-76.87275702
399,Carmen,Sanchez,95394104,719,10342,-12.13417604,-77.03206935
400,Enrique,Mora,10518446,816,3582,-12.08600315,-77.03589813
401,Marina,Santiago,39154831,843,7416,-12.16314817,-76.90723955
402,Diego,Martinez,22408622,566,8176,-12.14320907,-76.910357
403,Alberto,Calvo,98505706,759,1611,-12.14041347,-77.00270446
404,Youssef,Roman,75727366,518,1502,-12.12101402,-77.0611876
405,Oscar,Chen,73358475,868,3886,-12.15944612,-76.95728665
406,Alessandro,Vidal,46863384,722,8517,-12.11282354,-77.06996912
407,Chen,Kumar,80993110,814,5431,-12.16854515,-77.03210785
408,Juan,Crespo,34803799,550,5413,-12.18819367,-76.8857582
409,Julia,Duran,95523311,738,2894,-12.06568306,-76.93273257
410,Raquel,Aguirre,48818970,691,8055,-12.18328506,-76.9836582
411,Mateo,Yamamoto,88308838,670,6503,-12.10214349,-76.95846005
412,Pedro,Park,51469647,580,5022,-12.06494992,-77.04194329
413,Marina,Marquez,47681818,808,4860,-12.1652605,-77.0959522
414,Sofia,Romero,89073755,580,4042,-12.05751417,-77.0361746
415,Chang,Li,50914209,896,3815,-12.07307189,-76.86188497
416,Hiroshi,Mora,27337023,551,1978,-12.13381757,-77.08624617
417,Darius,Wong,55681403,812,7915,-12.12619906,-76.88681065
418,Anna,Choi,52439607,708,8018,-12.08457398,-77.07979799
419,Roberto,Jimenez,93826605,518,2273,-12.07476601,-76.91991862
420,Sonia,Chung,86113092,766,10310,-12.1426146,-77.03293381
421,Khaled,Pascual,72625503,797,12298,-12.17066977,-76.87188201
422,Sara,Serrano,14904488,560,8012,-12.15107642,-77.08668107
423,Sara,Sanchez,11135533,863,8667,-12.13801503,-76.95047786
424,Veronica,Ortiz,34420621,581,8498,-12.17709848,-76.97513059
425,Roberto,Pascual,95623517,850,10644,-12.10702527,-76.88116812
426,Esteban,Wu,14127866,762,12330,-12.18508851,-76.98869336
427,Andrea,Ibanez,65023935,770,4201,-12.16924292,-76.89232918
428,Carmen,Salgado,53116161,650,10814,-12.09612234,-76.89341209
429,Fernando,Soler,72417176,751,3128,-12.12433114,-77.08231728
430,Emilio,Dominguez,44045813,598,6248,-12.1725386,-76.95476491
431,Monica,Diaz,77346990,815,8623,-12.05128963,-76.97305741
432,Carmen,Ahmed,46689559,654,7715,-12.12929128,-76.90189878
433,Matias,Yamamoto,77052041,723,5160,-12.19939705,-76.99234306
434,Emilio,Sharma,32049156,558,10572,-12.1361226,-76.85573006
435,Chang,Castillo,53073658,893,12153,-12.1566924,-77.06453451
436,Matias,Vicente,29069551,890,3464,-12.08711863,-76.93184981
437,Clara,Perez,21784210,698,12376,-12.06630809,-76.92684298
438,Mohamed,Alvarez,26987699,692,9065,-12.07671028,-76.91667122
439,Gonzalo,Soler,42113141,813,12438,-12.17346697,-76.97588827
440,Eva,Fuentes,23741234,740,8128,-12.18368212,-76.85275677
441,Sergio,Jimenez,31887098,859,933,-12.19845599,-76.88671731
442,Gustavo,Santiago,61034406,532,4772,-12.17725145,-77.05676258
443,Diego,Duran,55033626,584,12490,-12.14338886,-76.93397113
444,Gabriela,Marquez,35135987,710,11861,-12.17178023,-77.03093741
445,Pedro,Ferrer,74416181,721,10964,-12.05307035,-76.88238781
446,Marina,Mora,57859655,745,3844,-12.06918228,-76.91661388
447,Mila,Martinez,47892660,646,10252,-12.11277459,-77.00132885
448,Antonio,Wu,89397970,777,9144,-12.09058837,-77.07562939
449,Cristina,Suarez,27509263,509,3451,-12.17824994,-76.94551646
450,Katarina,Wong,96850295,614,9735,-12.1613315,-77.07311416
451,Enrique,Cabrera,40152413,819,3740,-12.19576296,-76.93166932
452,Clara,Marin,51379777,542,12471,-12.07581515,-77.02258406
453,Camila,Roman,31478321,780,2969,-12.0824939,-77.07822423
454,Eva,Singh,39995370,811,5417,-12.08132668,-76.94177551
455,Francisco,Bravo,73870363,615,9357,-12.15009628,-76.96283128
456,Katarina,Lopez,71354904,855,4518,-12.13235866,-76.95516018
457,Oscar,Reyes,57611578,744,4590,-12.11673301,-76.88980984
458,Chen,Aguirre,37980660,602,9257,-12.07950045,-76.8665768
459,Carmen,Hidalgo,29713012,675,1299,-12.11540162,-77.04725309
460,Teresa,Castillo,27107598,757,3987,-12.16946266,-77.06291769
461,Anna,Flores,78326860,534,9534,-12.16886096,-76.92096846
462,Alessandro,Morales,59362149,738,1833,-12.14529679,-76.89730746
463,Celia,Fernandez,15151809,900,9670,-12.11397207,-77.01994147
464,Teresa,Fuentes,76190154,526,1253,-12.14837288,-76.88771144
465,Rosa,Ramirez,18536874,610,6448,-12.12076555,-76.90551054
466,Marcos,Flores,41685171,719,1971,-12.13617725,-77.00441123
467,Fernando,Vega,44770482,745,8048,-12.114048,-76.95394023
468,Darius,Ramirez,17591884,648,11848,-12.19249325,-77.00728498
469,Anastasia,Diaz,25662770,713,11544,-12.11786,-76.96958046
470,Svetlana,Rojas,96514093,724,12591,-12.16902719,-76.98132986
471,Katarina,Ortiz,47032061,803,5582,-12.05559826,-76.95329907
472,Valeria,Duran,90310658,838,8784,-12.06004215,-76.90636424
473,Cristina,Suarez,24011215,538,8027,-12.05111416,-77.01837539
474,Chen,Gallardo,11130365,687,3222,-12.07406208,-77.03434694
475,Hiroshi,Sato,23343531,526,10616,-12.13860151,-76.88354226
476,Pablo,Salgado,83029194,882,4373,-12.07920868,-77.03525136
477,Luis,Marin,89032070,854,674,-12.05158577,-77.06036394
478,Eva,Torres,42091420,621,1467,-12.16123369,-77.05993158
479,Francisco,Bravo,41323840,627,1210,-12.17382739,-77.03963747
480,Cristina,Garcia,26430552,823,11299,-12.09580888,-77.05591837
481,Julia,Suarez,30614208,889,3629,-12.1974517,-76.96900498
482,Piotr,Marquez,95477734,632,4504,-12.14913639,-76.85958219
483,Ramon,Yamamoto,86198772,797,10192,-12.09611782,-77.00146445
484,Adel,Ortiz,53892461,570,3308,-12.18344197,-77.02560101
485,Esteban,Hidalgo,42731796,656,831,-12.18353922,-76.93196636
486,Khaled,Gomez,84936795,845,12290,-12.15641337,-77.04217023
487,Camila,Perez,52679579,767,1956,-12.14016824,-76.92678382
488,Oscar,Vargas,76734165,503,4494,-12.11614667,-77.0178924
489,Raul,Vega,79306413,897,4839,-12.15335725,-77.08784365
490,Camila,Bravo,54102034,581,9076,-12.15566289,-76.86378396
491,Piotr,Perez,34349481,707,9634,-12.07880885,-77.03170582
492,Patricia,Duran,40764016,752,5637,-12.15355737,-76.93133686
493,Pablo,Perez,92310888,811,8921,-12.14362759,-76.85037892
494,Mateo,Pastor,79659049,855,11372,-12.13984454,-77.00507218
495,Hiroshi,Carrasco,82290407,538,5316,-12.07378586,-77.00865903
496,Gonzalo,Lopez,92935525,523,2994,-12.13856043,-76.98552362
497,Felix,Roman,16577466,893,992,-12.09131618,-76.92017948
498,Irene,Aguilar,62049865,618,6305,-12.10118551,-77.036088
499,Patricia,Esteban,75432769,699,4575,-12.13904275,-76.88185914
500,Alessandro,Fuentes,71213889,805,2317,-12.05745039,-76.90468059
501,David,Lee,35645736,852,10449,-12.10316436,-76.9839366
502,Yusuf,Molina,76770711,688,2006,-12.12258678,-77.06863255
503,Sofia,Chung,83103002,854,8253,-12.16650153,-77.05027773
504,Carlos,Yamamoto,65839789,794,6389,-12.11258627,-77.03876809
505,Ana,Castillo,61748227,745,12115,-12.08772009,-76.8511443
506,Federico,Lopez,42888744,504,5513,-12.13152944,-77.09609879
507,Chen,Diaz,52555282,743,1576,-12.06434394,-77.01811095
508,Sebastian,Fuentes,32497963,517,7006,-12.15754778,-76.92207263
509,Eva,Gomez,21071543,887,7164,-12.09986925,-77.0283181
510,Celia,Park,78962883,531,12873,-12.0664809,-77.0208152
511,Ricardo,Romero,28862691,665,10961,-12.15779279,-77.06274833
512,Andrea,Esteban,17836396,629,4477,-12.14479159,-77.01930062
513,Laura,Gonzalez,92080316,697,7161,-12.19786683,-76.98071372
514,Adriana,Hidalgo,49192277,598,8128,-12.15580115,-76.86888958
515,Celia,Patel,97288746,670,2159,-12.05239309,-77.09024151
516,Andrea,Rojas,70365156,673,2924,-12.08580756,-76.90917215
517,Miguel,Ramirez,14652551,720,10771,-12.11286823,-77.08154588
518,Irene,Campos,81591491,893,4824,-12.10914899,-76.94255275
519,Sebastian,Esteban,74747090,550,9358,-12.15979343,-76.92827298
520,Jovan,Bravo,24265079,858,2740,-12.12377502,-76.90551475
521,Celia,Ortiz,92057243,563,2051,-12.0809605,-76.99870705
522,Tomas,Rojas,77237296,645,2710,-12.07138831,-76.91000236
523,Valeria,Hernandez,45585902,794,10033,-12.18602711,-77.05662485
524,Pablo,Kumar,83066279,706,1995,-12.11871898,-76.8658571
525,Patricia,Duran,67782723,569,7248,-12.13769355,-77.01898616
526,Gustavo,Salgado,99430724,634,6709,-12.18899434,-77.08274657
527,Chen,Torres,28634297,604,4703,-12.13229349,-77.02514758
528,Valeria,Castillo,40318828,560,8843,-12.09516643,-76.9375228
529,Mario,Aguirre,89369834,689,4363,-12.12511145,-77.05978738
530,Lucia,Arias,37179381,526,5875,-12.13895988,-76.88044787
531,Adel,Santiago,70735562,764,5552,-12.05823916,-77.05922874
532,Julia,Bravo,96831722,868,8590,-12.05230255,-76.99122415
533,Teresa,Fuentes,71702459,745,9051,-12.11128366,-76.86834889
534,Pedro,Ahmed,54185482,602,2755,-12.12020155,-76.98326678
535,Angel,Kumar,68789171,613,8711,-12.10773926,-76.85276177
536,Emilio,Ramirez,54055488,710,10995,-12.18662697,-76.99215583
537,Marcos,Mendez,85487626,510,1583,-12.17233628,-76.90846156
538,Alberto,Suarez,69778612,569,9500,-12.15746605,-76.92170561
539,Giovanni,Lee,69264115,734,5206,-12.19717866,-77.0486147
540,Mateo,Cabrera,16659398,573,12973,-12.17711003,-77.05858872
541,Tomas,Ibanez,36785500,732,5569,-12.1369833,-76.93468778
542,Esteban,Kumar,44813395,826,6321,-12.11773642,-76.85395223
543,Nikola,Ruiz,57618604,608,2549,-12.11623328,-76.90659895
544,Anna,Arias,27238237,554,10730,-12.08284901,-76.95796362
545,Alejandra,Chung,76870824,797,5320,-12.19355784,-77.00408017
546,Ana,Crespo,70342273,878,8229,-12.13913826,-77.03072382
547,Natalia,Ferrer,25990797,599,7002,-12.19115128,-76.90893801
548,Luis,Esteban,73367705,897,2500,-12.15322442,-77.040485
549,Paula,Vega,77889139,714,6266,-12.10954344,-76.92540031
550,Marcos,Calvo,87810425,676,3003,-12.12234603,-76.94761056
551,Eva,Flores,22563258,699,9718,-12.11053434,-77.05323627
552,Mateo,Rodriguez,63139401,514,661,-12.15055619,-76.86021475
553,Ramon,Gomez,15493479,650,12495,-12.06360525,-76.89583754
554,Clara,Sanchez,43418725,784,4230,-12.08448922,-76.93491948
555,Chang,Carrasco,55908003,711,11660,-12.11361891,-77.08294769
556,Anna,Ruiz,14375698,708,7483,-12.13525999,-76.98366592
557,Mila,Jimenez,81402018,848,5360,-12.09012131,-77.07522767
558,Alberto,Nguyen,49887224,836,11943,-12.17555869,-76.93501813
559,Maria,Salgado,18769042,707,6243,-12.19105747,-76.90534463
560,Raquel,Marquez,84657609,811,809,-12.1635034,-76.9858965
561,Mila,Gimenez,64976285,883,2010,-12.08621384,-77.09777175
562,Nikola,Yamamoto,10138662,506,9551,-12.05731286,-76.96717835
563,Ana,Yamamoto,58702197,584,4027,-12.14819974,-76.94698652
564,Diego,Vega,37288588,642,6237,-12.09736223,-76.88410316
565,Mateo,Chung,91568862,635,7089,-12.0812804,-77.02125483
566,Alberto,Santiago,44456777,622,6823,-12.19468399,-77.02992005
567,Abdullah,Chung,32059543,588,920,-12.08087397,-76.94668867
568,Chen,Santos,62819256,868,7511,-12.12747675,-77.00871495
569,Raquel,Yamamoto,25923816,810,3444,-12.16902522,-76.96376466
570,Nuria,Sharma,52036121,806,8718,-12.10968439,-76.94085491
571,Pedro,Fuentes,97492639,540,10032,-12.06366817,-76.93599101
572,Angel,Sanchez,15181439,517,4345,-12.05820792,-77.06198714
573,Raul,Ibanez,55900222,648,2399,-12.10199041,-76.9279105
574,Muhammad,Salgado,84026469,558,5711,-12.19781273,-76.86403019
575,Silvia,Medina,40916047,713,3713,-12.10071137,-76.90712681
576,Raquel,Pascual,81401597,628,9621,-12.05529364,-76.86409489
577,Carmen,Rojas,15304047,594,7017,-12.19858724,-77.06254183
578,Lorena,Tan,23017673,862,10996,-12.05696024,-77.02477241
579,Gabriela,Vargas,26751804,686,5087,-12.18895487,-76.91849144
580,Veronica,Hernandez,91024753,682,8760,-12.15600505,-77.03672705
581,Irene,Rodriguez,24812161,693,3432,-12.11262734,-76.86196714
582,Julia,Fernandez,25567339,638,5621,-12.07881699,-76.86203117
583,Julia,Marin,76287210,727,2835,-12.19395347,-76.88761117
584,Jovan,Campos,38522053,839,8686,-12.1918027,-76.87417988
585,Katarina,Wong,11067183,682,6359,-12.115354,-77.05267262
586,Diego,Vargas,98919709,590,8582,-12.15277812,-76.86822284
587,Felix,Arias,69055972,580,11303,-12.13814675,-77.07161184
588,Pedro,Vicente,60123656,795,3250,-12.12349288,-76.90195081
589,Carlos,Park,33819264,600,9144,-12.0899734,-76.91754096
590,Luca,Esteban,77585867,892,3995,-12.13235009,-76.86657435
591,Eva,Castillo,77434768,765,8304,-12.1516403,-76.98518767
592,Marcelo,Herrero,34691562,893,10913,-12.18888382,-76.87283221
593,Veronica,Suarez,34451093,536,1779,-12.13868586,-77.05757009
594,Cristina,Park,64024001,552,12665,-12.11405696,-76.97596694
595,Gustavo,Park,75410994,588,10716,-12.08548698,-77.00606998
596,Diego,Aguilar,34335549,895,11371,-12.11294193,-76.95050511
597,Federico,Nguyen,38618669,722,6236,-12.10221708,-77.09109192
598,Marcelo,Vicente,80132833,641,935,-12.0788466,-77.01327986
599,Ana,Campos,19395172,562,923,-12.13746815,-76.91799595
600,Yusuf,Luna,30576707,859,4257,-12.08044811,-77.08063296
601,Rosa,Sato,66748063,641,1397,-12.09184941,-77.0404911
602,David,Diaz,79844092,601,6649,-12.09599697,-77.0832342
603,Marisol,Mora,29331630,510,10788,-12.09037496,-76.89117738
604,Emilio,Bravo,55170077,714,9497,-12.17115395,-77.04945538
605,Mohamed,Santos,71570329,795,7976,-12.08395309,-76.90642374
606,Celia,Torres,87409644,812,2305,-12.18952234,-76.85573656
607,Irene,Medina,55268560,899,11045,-12.16278956,-76.90026941
608,Sofia,Liu,96757230,555,2593,-12.05743798,-76.97988192
609,Carmen,Ahmed,53164486,604,4390,-12.07701751,-76.92953621
610,Marcelo,Fuentes,99347041,652,7597,-12.16707959,-77.03072286
611,Youssef,Tan,65455434,828,930,-12.17236637,-77.07983931
612,Andrea,Ruiz,95739896,517,6698,-12.16446195,-77.01508579
613,Alberto,Aguirre,35412477,875,11622,-12.06118242,-77.03968387
614,Federico,Torres,57452617,572,6999,-12.16137438,-76.99050207
615,Andrea,Tan,51865558,796,11385,-12.16161332,-77.0173352
616,Matias,Santiago,69855056,550,3706,-12.09282705,-76.93959764
617,Miguel,Mendez,38063955,556,8388,-12.10026926,-76.99264978
618,Antonio,Herrero,26914513,739,7224,-12.08406751,-76.88959993
619,Beatriz,Mora,10099996,816,11237,-12.08617312,-76.9835548
620,Anastasia,Cortes,37985804,728,11400,-12.15373018,-76.98789928
621,Carlos,Romero,62296579,512,8026,-12.0763123,-76.94436353
622,Laura,Luna,58047512,563,3360,-12.09218104,-76.93210275
623,Elena,Ruiz,19494380,812,4660,-12.06560448,-76.85061421
624,Helena,Lee,87701111,641,6373,-12.16662019,-77.09051744
625,Carmen,Sanchez,39344328,834,10470,-12.14659,-76.96261989
626,Anastasia,Chen,85616438,651,3700,-12.11700467,-77.08650113
627,Carmen,Singh,26276957,714,3023,-12.14666337,-76.94741662
628,Marcelo,Vidal,97458952,521,1856,-12.16935415,-77.05761752
629,Victoria,Patel,92795657,601,11915,-12.1131562,-76.97629767
630,Laura,Li,73293477,800,9626,-12.1055019,-76.98803372
631,Marcelo,Kumar,46166624,895,4322,-12.1790843,-76.8526211
632,Miguel,Cortes,82456723,649,9432,-12.19085356,-76.95009736
633,Silvia,Arias,72637268,752,12103,-12.10487135,-76.91207837
634,Carlos,Vega,58404365,501,2477,-12.07421629,-77.02853096
635,Natalia,Ibanez,92057985,584,6835,-12.10386154,-76.8751113
636,Sebastian,Suarez,81581375,687,4242,-12.13626063,-76.88818095
637,Rafael,Vazquez,57967078,671,10898,-12.17193384,-77.01866501
638,Pedro,Vazquez,29370837,859,8928,-12.12567776,-76.88375885
639,Matias,Marquez,52724925,814,853,-12.05403035,-76.97196426
640,Adel,Perez,16934383,682,7132,-12.08459452,-77.04751221
641,Ines,Romero,77808574,797,4668,-12.14291116,-76.87850081
642,Carlos,Medina,26763393,755,7301,-12.12730879,-76.97826267
643,Roberto,Chen,44678542,680,1028,-12.11794828,-76.85391911
644,Victoria,Romero,38915976,897,4925,-12.09890761,-77.09274874
645,Teresa,Cortes,81710006,726,9427,-12.1942712,-76.856988
646,Marcos,Roman,88441528,564,7211,-12.1028307,-76.88771076
647,Yusuf,Gomez,12246879,671,3669,-12.0650764,-77.02834584
648,Matias,Serrano,63862443,587,2559,-12.14894172,-77.04865555
649,Chang,Molina,58175968,610,7361,-12.18241352,-76.98920654
650,Giovanni,Ali,44348373,539,1627,-12.13616988,-76.92873824
651,Marina,Chung,85491640,767,2079,-12.08426053,-77.02971407
652,Gustavo,Ibanez,29255188,648,3868,-12.14628437,-76.85869882
653,Monica,Santiago,53037811,871,8637,-12.13820052,-77.05413287
654,Anna,Molina,52236725,897,8609,-12.08786405,-76.93629081
655,Antonio,Yamamoto,89757019,691,3497,-12.1345125,-77.08756175
656,Ahmed,Diaz,82302731,564,1614,-12.09202503,-76.88113967
657,Andrea,Kim,99519046,681,11715,-12.12398878,-77.08635866
658,Sonia,Roman,88828485,782,2284,-12.1739685,-76.97846842
659,Natalia,Torres,50041815,830,11077,-12.15829143,-76.98196395
660,Celia,Cortes,76140049,839,6255,-12.18691139,-77.07262788
661,Francisco,Pascual,58841171,697,7399,-12.05316026,-77.07530957
662,Valeria,Vega,41912858,771,3948,-12.15746236,-77.00886912
663,Ramon,Jimenez,54514237,706,2167,-12.10728493,-77.08650162
664,Hiroshi,Romero,84861550,740,11955,-12.15400559,-76.85929564
665,Jorge,Ortiz,35977307,748,4725,-12.07215355,-76.85196399
666,Chang,Fuentes,57361694,850,7561,-12.15215484,-76.95643271
667,Daniela,Mendez,79185558,694,1720,-12.0806904,-77.09873029
668,Tomas,Vicente,75499704,850,9378,-12.17384045,-76.94535134
669,Angel,Wong,56533407,557,9079,-12.15499515,-76.9130718
670,Marisol,Cabrera,11510039,840,10997,-12.18909147,-77.00278456
671,Ricardo,Sharma,20985586,824,3430,-12.12599624,-76.95814886
672,Sonia,Mendez,36345759,899,3798,-12.13207577,-77.05917326
673,Gonzalo,Martinez,29904979,671,5015,-12.11033069,-76.93287312
674,Veronica,Calvo,56538701,669,7961,-12.19546036,-77.04707933
675,Manuel,Ibanez,54213443,660,7448,-12.15226311,-76.95166834
676,Alessandro,Torres,77191209,595,12774,-12.17965455,-76.88690338
677,Lucia,Campos,47642743,848,6540,-12.15095617,-76.96231704
678,Pedro,Ibanez,31374421,883,2564,-12.08599845,-76.85834474
679,Marcelo,Vidal,80927236,564,9975,-12.1059052,-77.00658061
680,Irene,Suarez,54985696,875,5450,-12.05545923,-76.94354109
681,Abdullah,Suarez,42575327,831,2819,-12.07584928,-77.06578039
682,Manuel,Gonzalez,81888616,849,6394,-12.11689774,-76.91532529
683,Silvia,Hernandez,64575735,509,2279,-12.10897147,-76.92102714
684,Helena,Park,20253728,662,5463,-12.17146795,-76.88153694
685,Raquel,Pascual,85604679,669,12539,-12.06470055,-76.89528649
686,Sara,Choi,54775005,795,6909,-12.1522116,-76.93382604
687,Sergio,Vargas,35247762,793,3843,-12.10992687,-77.03196778
688,Ruben,Alvarez,79279080,569,11825,-12.11041082,-76.98688642
689,Lucia,Wong,17941664,767,8842,-12.08494469,-76.95222389
690,Juan,Cortes,92610592,629,5093,-12.09276094,-77.08155633
691,Patricia,Perez,80641341,649,12154,-12.09693364,-77.07064947
692,Carlos,Nunez,83690786,729,2951,-12.08592615,-76.86272368
693,Fernando,Ruiz,99897366,887,8365,-12.16129176,-77.03656512
694,Jorge,Cabrera,98313524,503,712,-12.11754051,-76.88047356
695,Ana,Medina,40509364,571,7197,-12.12363253,-76.95557501
696,Alberto,Ferrer,69021860,867,9199,-12.1152167,-77.05041531
697,Isabel,Gimenez,18416549,766,3913,-12.15775851,-76.88358544
698,Adel,Aguilar,59522596,856,4344,-12.13762514,-77.04662693
699,Clara,Tan,85239652,825,11455,-12.14742405,-77.02297183
700,Maria,Castillo,10420328,778,8737,-12.05420592,-77.08815405
701,Teresa,Reyes,31706980,741,6612,-12.12219953,-76.98808163
702,Raquel,Cruz,16421431,681,11340,-12.11257599,-77.01750118
703,Elena,Yamamoto,69025011,512,6914,-12.13024972,-76.9447607
704,Veronica,Fuentes,12150618,864,2311,-12.19519423,-77.00705258
705,Hiroshi,Martinez,66911685,737,974,-12.14333859,-76.86609065
706,Sebastian,Vargas,83543265,617,7953,-12.17934679,-76.91686035
707,Pedro,Fuentes,42448597,714,9637,-12.10187334,-77.08402451
708,Piotr,Calvo,36023712,808,9853,-12.17701526,-77.01473722
709,Jovan,Ramirez,44360136,557,9722,-12.17029984,-77.00410848
710,Alberto,Wong,69820844,746,708,-12.14369012,-76.95709152
711,Sonia,Marquez,37323315,861,3913,-12.18566222,-77.037977
712,Marcelo,Martinez,77712735,840,10160,-12.10769206,-76.86644176
713,Veronica,Dominguez,93899324,591,8332,-12.09463905,-76.99580883
714,Anna,Aguirre,60469525,709,1366,-12.1340636,-77.02904857
715,Marina,Hernandez,77632107,675,8670,-12.13686844,-76.86843153
716,Roberto,Nguyen,46360622,509,4635,-12.14959342,-76.92360113
717,Hugo,Pastor,38620114,641,9620,-12.0948749,-76.86626189
718,Luca,Hidalgo,70109983,654,10075,-12.1680362,-76.97939593
719,Piotr,Tan,41351730,638,4314,-12.19341009,-77.01976981
720,Marcelo,Dominguez,11604612,626,10331,-12.06709007,-76.89994518
721,Eva,Choi,91312762,701,9137,-12.19352022,-77.08365308
722,Daniel,Serrano,35407700,560,10334,-12.13119449,-77.07545233
723,Mateo,Tan,85960425,505,4253,-12.08915252,-76.92441066
724,Silvia,Martinez,90540272,870,2721,-12.08671093,-77.04509244
725,Marcos,Li,33843965,768,2654,-12.07661321,-77.00850182
726,Anastasia,Crespo,17527861,731,8187,-12.16854883,-76.90753455
727,Adel,Singh,66652457,581,1929,-12.1296896,-77.04577877
728,Marisol,Pascual,66642609,821,12156,-12.06979939,-77.01564387
729,Mila,Flores,60792104,542,12567,-12.07574871,-77.03038024
730,Patricia,Suarez,92882964,879,11170,-12.13843967,-76.97880114
731,Jorge,Diaz,22572270,677,5156,-12.13062498,-76.85877343
732,Marisol,Ruiz,53075235,762,7559,-12.14766953,-76.93377659
733,Miguel,Duran,52171328,897,5674,-12.16260948,-76.89213198
734,Hugo,Torres,99840708,558,1639,-12.07894381,-76.98259622
735,Rafael,Lee,93521275,761,7714,-12.1183533,-77.01773729
736,Tomas,Cabrera,31515059,727,1625,-12.1192624,-76.88333765
737,Giovanni,Flores,66695603,775,2189,-12.10599738,-76.95159089
738,Ines,Cruz,68734981,728,2336,-12.18678059,-77.01729322
739,Hiroshi,Tan,75392281,574,10111,-12.09334148,-76.96192511
740,Felix,Santiago,42942299,893,3112,-12.16130223,-77.09343777
741,Sofia,Suarez,96188080,513,8312,-12.19136469,-76.88079982
742,Rafael,Choi,68211569,797,3696,-12.15871821,-76.98863859
743,Diego,Cortes,78732534,856,1041,-12.05590997,-76.95847251
744,Andrea,Kim,15591706,514,8108,-12.15095273,-77.05954508
745,Victoria,Flores,32322318,657,11405,-12.10284532,-77.05272936
746,Alejandra,Campos,59435943,518,7511,-12.14547994,-76.94959558
747,Antonio,Perez,67905681,720,7543,-12.14451396,-77.08286472
748,Roberto,Santiago,27211771,865,5249,-12.1509733,-76.85207889
749,Beatriz,Pascual,41776600,689,11531,-12.16778607,-76.86549657
750,Natalia,Yamamoto,49247310,830,4355,-12.16815036,-76.877688
751,Patricia,Vargas,69083100,632,2045,-12.13652466,-76.88690533
752,Sebastian,Mora,93546231,718,2882,-12.10737528,-76.86250345
753,Ana,Campos,13213615,697,4446,-12.16377788,-77.00408374
754,Adel,Chen,83720163,747,7824,-12.09708166,-76.88984395
755,Piotr,Pastor,39632715,799,8912,-12.11151055,-77.00418504
756,Matias,Vazquez,14891687,744,3268,-12.10957823,-76.98692164
757,Helena,Vidal,99056644,616,4436,-12.1881871,-76.88955717
758,Andrea,Cortes,43956889,518,11825,-12.19329982,-76.89473957
759,Alessandro,Li,62578409,796,11045,-12.17701865,-76.94305041
760,Pedro,Luna,49509013,711,4554,-12.16306616,-76.99716882
761,Gabriela,Marquez,32933952,648,6578,-12.14018668,-77.06578588
762,Anna,Wu,33014755,645,1765,-12.11241094,-76.93264282
763,Cristina,Gomez,37405838,879,6764,-12.15685569,-77.06707259
764,Mario,Jimenez,47927289,666,1409,-12.07454379,-77.09940646
765,Patricia,Kim,79266173,640,2830,-12.06528749,-77.02366035
766,Beatriz,Flores,30940285,705,12059,-12.12100742,-76.95275719
767,Daniela,Salgado,48236634,837,6289,-12.14186948,-77.01301613
768,Gabriela,Singh,31929313,614,11120,-12.19959277,-76.93021599
769,Alejandra,Calvo,42492294,839,9766,-12.16236955,-76.96281134
770,Beatriz,Vargas,91013935,828,6587,-12.17557425,-77.02806545
771,Anna,Hernandez,81274266,710,1166,-12.10323004,-77.04630764
772,Alejandra,Gallardo,48978598,611,4820,-12.05282798,-76.99019251
773,Jorge,Lee,17437822,579,4508,-12.15321324,-76.99082856
774,Mohamed,Ortiz,94248144,781,12010,-12.16389523,-77.00767345
775,Muhammad,Patel,96699606,679,9064,-12.06821094,-76.85400464
776,Diego,Santiago,29257296,599,8413,-12.18055373,-77.01503853
777,Sebastian,Fernandez,99862986,728,8388,-12.1145306,-77.00997948
778,Cristina,Esteban,88359701,741,3622,-12.10895926,-76.85665382
779,Mateo,Marin,63399065,538,5706,-12.1084705,-77.02526422
780,Antonio,Aguilar,31934873,549,6857,-12.09592006,-77.03415773
781,Marcos,Jimenez,20344814,813,5907,-12.07249655,-77.04142802
782,Isabel,Fuentes,15949149,724,6211,-12.18536656,-76.93338973
783,Luca,Alvarez,51466178,671,7172,-12.14083307,-76.96931185
784,Marina,Chung,52229566,721,9266,-12.07657894,-76.86674873
785,Diego,Sato,18259124,894,1477,-12.15978018,-76.98695337
786,Silvia,Sharma,29771540,531,9322,-12.09823493,-76.95441867
787,Diego,Torres,48186401,655,9592,-12.14057025,-77.02091011
788,Muhammad,Rodriguez,59105441,632,7291,-12.07484055,-77.0553988
789,Mateo,Gimenez,62355099,785,5128,-12.13507592,-77.07816868
790,Sergio,Nguyen,30947761,583,6737,-12.074606,-76.89677615
791,Alberto,Kim,93998580,900,6090,-12.16718216,-76.98332741
792,Rafael,Herrero,37822892,762,11700,-12.09032952,-76.98717765
793,Irene,Kumar,18255797,693,7127,-12.06513489,-77.01323985
794,Carmen,Nguyen,62892923,570,12470,-12.16735145,-77.08783949
795,Daniel,Sanchez,87819906,628,2952,-12.0526787,-76.85880681
796,Natalia,Sato,40186055,762,12905,-12.05514119,-76.95223114
797,Diego,Ahmed,34067241,620,8150,-12.06929607,-77.03110426
798,Giovanni,Cruz,75140020,576,5893,-12.12157934,-76.98267156
799,Silvia,Singh,70512951,858,1059,-12.10236075,-77.01653471
800,Sofia,Ferrer,98705417,695,7410,-12.13149785,-76.88987509
801,Cristina,Carrasco,49379009,839,5113,-12.17651759,-76.92318951
802,Angel,Nunez,18590806,671,12741,-12.10354027,-76.87886453
803,Ines,Suarez,15125203,885,8679,-12.1081015,-77.04810961
804,Muhammad,Gomez,40302785,654,7857,-12.07190499,-77.07218895
805,Celia,Jimenez,50129105,677,5051,-12.14490797,-76.98263221
806,Enrique,Ramirez,59574140,772,1696,-12.19203368,-77.0688836
807,Gustavo,Arias,37302092,512,12519,-12.12412763,-77.06051089
808,Ricardo,Santiago,14396311,857,4201,-12.19180757,-76.97510961
809,Valeria,Cabrera,13307670,799,10237,-12.14375738,-76.89099669
810,Angel,Aguilar,91090400,802,10988,-12.13231408,-76.92991078
811,Raul,Morales,24659444,860,11978,-12.15530058,-76.90656753
812,Sonia,Nguyen,31974783,659,4017,-12.05474622,-77.08702514
813,Darius,Sato,13837839,888,3104,-12.19806885,-77.04249375
814,Dimitri,Dominguez,83833279,813,4851,-12.10249732,-76.95118863
815,Sebastian,Tan,44522521,585,10741,-12.10789783,-76.85292687
816,Antonio,Salgado,44817043,507,9507,-12.12001356,-76.90486852
817,Irene,Gallardo,52570327,826,8219,-12.1955896,-77.05569946
818,Alberto,Roman,86534106,722,6910,-12.09246683,-76.94886399
819,Marisol,Vicente,85449585,810,1529,-12.15289411,-76.93552335
820,Mateo,Roman,25796609,575,11164,-12.05281038,-76.8677114
821,Alejandra,Alvarez,41843390,590,840,-12.15634219,-76.97277384
822,Celia,Martinez,21833545,622,10894,-12.14527984,-76.96833176
823,Beatriz,Marin,75708567,716,8188,-12.15174265,-77.00254728
824,Muhammad,Cabrera,89275424,824,9713,-12.14690195,-76.97785786
825,Pedro,Gonzalez,61164520,597,653,-12.16465586,-76.89617967
826,Youssef,Sanchez,71330898,704,8178,-12.1110737,-76.87407864
827,Luka,Vega,96749586,551,6355,-12.09465648,-76.94491359
828,Enrique,Lee,63677898,711,2831,-12.15977423,-76.85943816
829,Mila,Lopez,11668208,812,11166,-12.11369772,-77.06290119
830,Ana,Liu,84288419,561,2702,-12.11347206,-76.87702686
831,Camila,Cortes,11277718,656,12324,-12.05138963,-76.86423053
832,Tomas,Singh,58301549,844,7816,-12.06029013,-77.00450245
833,Angel,Liu,10353836,767,4619,-12.16250401,-76.8561629
834,Jorge,Li,60952391,661,11875,-12.07849116,-76.99937797
835,Anastasia,Wu,16889932,688,4890,-12.08451838,-76.92826851
836,Enrique,Wu,58470394,660,3177,-12.13884578,-76.95661459
837,Sofia,Mora,92507329,665,8528,-12.1055114,-77.00464826
838,Celia,Reyes,56999610,851,3111,-12.12594605,-76.97695655
839,Ruben,Torres,80480143,504,9387,-12.12522254,-76.91392877
840,Fernando,Hidalgo,55081551,646,2425,-12.18002673,-76.93194584
841,Tomas,Herrero,52151138,623,9505,-12.05458816,-76.96921848
842,Enrique,Romero,60418172,840,5582,-12.17335688,-77.09905398
843,Ines,Fuentes,19607269,714,4043,-12.1115667,-76.93771215
844,Anna,Yamamoto,70870844,731,3522,-12.09776428,-76.87786863
845,Ana,Gonzalez,25584168,827,7653,-12.18356547,-77.01713126
846,Silvia,Carrasco,54731712,635,11449,-12.10235513,-76.9857722
847,Anastasia,Roman,28550721,690,8430,-12.08928144,-76.87368788
848,Julia,Ruiz,29259817,744,3412,-12.08299164,-76.96905032
849,Sebastian,Castillo,40407780,738,9711,-12.13526865,-76.98375951
850,Jose,Romero,99371969,713,5280,-12.18758983,-77.05286742
851,Sergio,Gomez,73960605,509,5209,-12.12504462,-76.95896228
852,Ricardo,Duran,84171079,876,2013,-12.11380024,-77.04104695
853,Matias,Luna,74821134,777,633,-12.1910484,-76.97181015
854,Adriana,Herrero,85758843,746,8683,-12.13813387,-76.91409392
855,Abdullah,Pascual,60085159,839,11445,-12.18226261,-77.08664753
856,Nuria,Vazquez,95456040,705,10040,-12.17809597,-76.96139697
857,Ruben,Luna,87954765,541,4687,-12.15281208,-76.98804282
858,Esteban,Salgado,44582533,674,4670,-12.05139019,-76.97104777
859,Tomas,Singh,42794489,862,1072,-12.10935155,-77.03633042
860,Pedro,Ali,75363109,775,7589,-12.15875542,-76.93821499
861,Jorge,Jimenez,48641824,889,2975,-12.13755493,-77.01748865
862,Laura,Rodriguez,39673876,561,2952,-12.12949808,-76.94051058
863,Gonzalo,Flores,14830662,780,7284,-12.1905186,-76.89204111
864,Maria,Gonzalez,29335790,790,5939,-12.13128213,-77.01628557
865,Ramon,Choi,85044808,601,2484,-12.13439132,-77.035169
866,Beatriz,Suarez,87116269,642,4996,-12.05823941,-77.06929327
867,Daniel,Perez,26313471,720,12281,-12.15904316,-76.89772185
868,Silvia,Duran,10604639,605,2886,-12.17396283,-77.01065693
869,Angel,Gallardo,34919401,744,7820,-12.12408602,-76.95531421
870,Daniel,Soler,81328991,744,4729,-12.14844485,-77.03657979
871,Isabel,Romero,65641871,804,7335,-12.12305818,-77.00019576
872,Adriana,Aguilar,90289396,668,1918,-12.14052373,-76.8777347
873,Mohamed,Santiago,39633955,588,4506,-12.16108545,-77.01808237
874,Khaled,Alvarez,14922929,599,1311,-12.18990018,-77.04377092
875,Eva,Serrano,10986813,735,10346,-12.10383135,-77.07963558
876,Eva,Mendez,73339363,898,9220,-12.14528673,-77.02387569
877,Gustavo,Vidal,60763769,751,3206,-12.1180489,-76.86377805
878,Valeria,Leon,99819533,502,9396,-12.06775249,-77.09182793
879,Miguel,Vicente,29333984,815,11803,-12.1365464,-76.86753239
880,Rosa,Mora,71554667,506,5631,-12.11082567,-77.05148164
881,Hiroshi,Suarez,23605155,808,10716,-12.14287983,-77.04457103
882,Roberto,Fuentes,47638908,842,7983,-12.19141645,-76.94611645
883,Alberto,Morales,64197506,796,7417,-12.1835843,-77.0521644
884,Jovan,Hernandez,44695333,732,7748,-12.17812262,-76.94259295
885,Beatriz,Arias,57040452,693,8136,-12.17825706,-76.97371512
886,Veronica,Castillo,73766576,851,8371,-12.08598056,-77.03875012
887,Veronica,Calvo,24626468,889,7847,-12.16030455,-77.07156565
888,Oscar,Cortes,30266726,873,5124,-12.17922407,-76.92998246
889,Daniela,Tan,98209355,741,10975,-12.19366606,-77.06226682
890,Hugo,Morales,76447553,874,9590,-12.09611341,-77.05843437
891,Chen,Chung,30628557,551,7422,-12.07332641,-77.09399482
892,David,Fuentes,39685237,501,11481,-12.12239726,-77.05574915
893,Veronica,Cabrera,96762195,718,12260,-12.07993021,-77.04330414
894,Victoria,Serrano,13974128,889,2437,-12.0524699,-76.97781021
895,Sara,Ortiz,10838302,819,4612,-12.12131017,-76.93590393
896,Yusuf,Calvo,96330183,897,5520,-12.18978633,-76.91741196
897,Tomas,Nunez,38991154,595,9558,-12.106242,-76.98364531
898,Diego,Medina,10623335,609,6056,-12.15059752,-77.01829792
899,Daniela,Serrano,11274882,575,7235,-12.15823835,-76.91740712
900,Giovanni,Nguyen,93640999,666,6481,-12.09756866,-76.85150347
